{"cameraMode":{"drawMode":0,"name":"Shaded","section":"Shading Mode"},"sceneLighting":true,"audioPlay":false,"sceneViewState":{"m_AlwaysRefresh":false,"showFog":true,"showSkybox":true,"showFlares":true,"showImageEffects":true,"showParticleSystems":true,"showVisualEffectGraphs":true,"m_FxEnabled":true},"in2DMode":false,"pivot":{"x":-1.0024433135986329,"y":0.8850051164627075,"z":-2.349611759185791},"rotation":{"x":0.15939785540103913,"y":-0.0710132047533989,"z":0.011496529914438725,"w":0.9845899939537048},"size":0.43296992778778078,"orthographic":false}