{"cameraMode":{"drawMode":0,"name":"Shaded","section":"Shading Mode"},"sceneLighting":true,"audioPlay":false,"sceneViewState":{"m_AlwaysRefresh":false,"showFog":true,"showSkybox":true,"showFlares":true,"showImageEffects":true,"showParticleSystems":true,"showVisualEffectGraphs":true,"m_FxEnabled":true},"in2DMode":false,"pivot":{"x":31.039142608642579,"y":76.07376861572266,"z":-213.7654571533203},"rotation":{"x":0.16651147603988648,"y":-0.09008593112230301,"z":0.01527846697717905,"w":0.9817969799041748},"size":37.630775451660159,"orthographic":true}