{"cameraMode":{"drawMode":0,"name":"Shaded","section":"Shading Mode"},"sceneLighting":true,"audioPlay":false,"sceneViewState":{"m_AlwaysRefresh":false,"showFog":true,"showSkybox":true,"showFlares":true,"showImageEffects":true,"showParticleSystems":true,"showVisualEffectGraphs":true,"m_FxEnabled":true},"in2DMode":false,"pivot":{"x":31.039142608642579,"y":76.07376861572266,"z":-213.7654571533203},"rotation":{"x":0.15939785540103913,"y":-0.0710132047533989,"z":0.011496529914438725,"w":0.9845899939537048},"size":7.581186294555664,"orthographic":true}